customerId,customerName,creditScore,income,debtToIncomeRatio,paymentHistory,employmentYears,loanAmount,loanPurpose,existingLoans,propertyValue,maritalStatus,educationLevel,industry,riskCategory,status,additionalInfo,recommendations,birthDate,age,employmentType,monthlyExpenses,savingsBalance,creditHistoryYears,numberOfCreditCards,creditCardUtilization,hasBankruptcy,bankruptcyYearsAgo,hasForeclosure,foreclosureYearsAgo,residenceType,yearsAtCurrentAddress,loanTerm,interestRate,collateralType,collateralValue,guarantorStatus,guarantorCreditScore,guarantorIncome,guarantorRelationship
CUST001,John Smith,720,85000,0.35,95,8,150000,Mortgage,1,350000,Married,Bachelors,Technology,Low,Approved,Stable employment history,Consider refinancing in 2 years,1980-05-15,43,Full-time,3500,50000,15,2,0.25,false,0,false,0,Mortgage,5,Long-term,4.5,Real Estate,350000,None,,,,
CUST002,Maria Garcia,680,65000,0.45,88,5,120000,Car,2,250000,Single,Masters,Healthcare,Medium,Approved,Recent job change,Monitor debt ratio,1988-08-22,35,Full-time,2800,25000,8,3,0.45,false,0,false,0,Rent,2,Medium-term,5.2,Vehicle,45000,None,,,,
CUST003,Robert Johnson,580,45000,0.65,75,3,80000,Personal,3,180000,Divorced,High School,Retail,High,Rejected,Multiple late payments,Improve credit score,1975-11-30,48,Part-time,2200,5000,5,4,0.85,true,3,false,0,Rent,1,Short-term,7.5,None,0,Required,650,55000,Parent
CUST004,Sarah Williams,750,120000,0.25,98,12,200000,Business,0,500000,Married,PhD,Finance,Low,Approved,Excellent credit history,Consider investment opportunities,1972-03-10,51,Self-employed,4500,150000,20,2,0.15,false,0,false,0,Own,10,Long-term,4.0,Real Estate,500000,None,,,,
CUST005,Michael Brown,620,55000,0.55,82,4,95000,Education,1,220000,Single,Bachelors,Education,Medium,Approved,Student loan debt,Consolidate loans,1990-07-18,33,Full-time,2300,15000,6,2,0.60,false,0,false,0,Rent,3,Medium-term,5.8,None,0,None,,,,
CUST006,Lisa Chen,710,95000,0.30,92,7,180000,Home Improvement,2,400000,Married,Masters,Engineering,Low,Approved,High property value,Consider home equity,1985-12-05,38,Full-time,3800,75000,12,3,0.30,false,0,false,0,Mortgage,6,Long-term,4.2,Real Estate,400000,None,,,,
CUST007,David Miller,590,48000,0.60,78,2,70000,Debt Consolidation,4,150000,Single,Associates,Manufacturing,High,Rejected,High debt load,Debt management plan,1982-09-25,41,Contract,2100,8000,4,5,0.90,false,0,true,2,Rent,1,Short-term,8.0,None,0,Required,680,60000,Sibling
CUST008,Emma Wilson,730,110000,0.28,96,10,250000,Investment,1,600000,Married,Bachelors,Real Estate,Low,Approved,Investment property,Portfolio diversification,1978-04-12,45,Self-employed,4200,200000,18,2,0.20,false,0,false,0,Own,8,Long-term,4.8,Real Estate,600000,None,,,,
CUST009,James Taylor,650,72000,0.40,85,6,130000,Medical,2,280000,Married,Bachelors,Healthcare,Medium,Approved,Medical expenses,Health insurance review,1987-06-30,36,Full-time,3000,35000,9,3,0.50,false,0,false,0,Mortgage,4,Medium-term,5.5,Real Estate,280000,None,,,,
CUST010,Sophia Martinez,670,68000,0.42,87,5,115000,Wedding,1,260000,Engaged,Bachelors,Marketing,Medium,Approved,Upcoming wedding,Budget planning,1992-02-14,31,Full-time,2900,20000,7,2,0.40,false,0,false,0,Rent,2,Short-term,6.0,None,0,Provided,700,75000,Fiance
CUST011,Alex Rodriguez,780,150000,0.20,99,15,300000,Business Expansion,0,800000,Married,MBA,Consulting,Low,Approved,Strong business growth,Consider business line of credit,1975-06-20,48,Self-employed,6000,300000,25,1,0.10,false,0,false,0,Own,12,Long-term,3.8,Real Estate,800000,None,,,,
CUST012,Emily Chen,690,75000,0.38,90,6,180000,Education,1,300000,Single,Masters,Education,Medium,Approved,PhD student,Consider student loan refinancing,1989-03-15,34,Part-time,3200,40000,10,2,0.35,false,0,false,0,Rent,3,Long-term,5.0,None,0,Provided,720,85000,Parent
CUST013,Thomas Anderson,550,42000,0.70,72,1,65000,Startup,2,150000,Single,Bachelors,Technology,High,Rejected,Recent startup founder,Consider business incubator,1991-11-08,32,Self-employed,2000,10000,4,3,0.95,false,0,false,0,Rent,1,Short-term,8.5,None,0,Required,650,60000,Friend
CUST014,Patricia White,760,130000,0.22,97,14,220000,Investment Property,1,750000,Married,PhD,Real Estate,Low,Approved,Multiple properties,Consider portfolio loan,1976-09-30,47,Self-employed,5000,250000,22,2,0.20,false,0,false,0,Own,15,Long-term,4.2,Real Estate,750000,None,,,,
CUST015,Daniel Kim,630,58000,0.52,83,4,95000,Medical Equipment,2,200000,Married,Bachelors,Healthcare,Medium,Approved,Medical practice startup,Consider equipment financing,1986-07-25,37,Full-time,2500,30000,8,3,0.55,false,0,false,0,Mortgage,4,Medium-term,5.7,Equipment,95000,None,,,,
CUST016,Jennifer Lee,710,92000,0.32,91,7,175000,Home Renovation,1,380000,Married,Masters,Architecture,Low,Approved,Home equity line,Consider construction loan,1984-04-18,39,Full-time,3700,70000,13,2,0.30,false,0,false,0,Mortgage,7,Medium-term,4.5,Real Estate,380000,None,,,,
CUST017,Christopher Martin,570,46000,0.68,76,2,72000,Debt Consolidation,5,160000,Single,Associates,Retail,High,Rejected,Multiple credit cards,Consider credit counseling,1983-12-05,40,Part-time,2200,6000,5,6,0.92,true,2,false,0,Rent,2,Short-term,7.8,None,0,Required,670,58000,Sibling
CUST018,Rachel Green,740,105000,0.26,94,9,230000,Investment,0,550000,Married,Bachelors,Finance,Low,Approved,Investment portfolio,Consider margin account,1981-08-14,42,Full-time,4000,180000,16,2,0.25,false,0,false,0,Own,9,Long-term,4.3,Real Estate,550000,None,,,,
CUST019,William Turner,640,68000,0.45,84,5,110000,Medical,1,250000,Married,Bachelors,Healthcare,Medium,Approved,Medical practice,Consider practice acquisition loan,1988-05-22,35,Full-time,2900,45000,7,3,0.48,false,0,false,0,Mortgage,3,Medium-term,5.4,Real Estate,250000,None,,,,
CUST020,Olivia Parker,660,70000,0.40,86,5,125000,Wedding,1,280000,Engaged,Bachelors,Marketing,Medium,Approved,Wedding planning,Consider personal loan,1993-01-30,30,Full-time,3000,35000,6,2,0.42,false,0,false,0,Rent,2,Short-term,5.9,None,0,Provided,710,80000,Parent
CUST021,Marcus Johnson,590,44000,0.62,77,2,68000,Personal,4,140000,Single,High School,Construction,High,Rejected,Seasonal work,Consider secured loan,1984-10-12,39,Contract,2100,8000,4,4,0.88,false,0,true,1,Rent,1,Short-term,8.2,None,0,Required,640,52000,Uncle
CUST022,Sophie Anderson,770,140000,0.24,96,12,280000,Business,0,650000,Married,MBA,Technology,Low,Approved,Tech startup,Consider venture debt,1979-07-08,44,Self-employed,5500,220000,19,1,0.15,false,0,false,0,Own,11,Long-term,4.0,Real Estate,650000,None,,,,
CUST023,Lucas Martinez,610,52000,0.58,80,3,85000,Education,2,180000,Single,Bachelors,Education,Medium,Approved,Graduate student,Consider student loan consolidation,1990-09-17,33,Part-time,2400,20000,5,3,0.65,false,0,false,0,Rent,2,Medium-term,6.2,None,0,Provided,690,70000,Parent
CUST024,Isabella Wong,730,98000,0.28,93,8,190000,Home Improvement,1,420000,Married,Masters,Engineering,Low,Approved,Home renovation,Consider construction loan,1983-03-25,40,Full-time,3900,85000,14,2,0.28,false,0,false,0,Mortgage,6,Medium-term,4.4,Real Estate,420000,None,,,,
CUST025,Ethan Brown,560,43000,0.66,74,1,62000,Startup,3,130000,Single,Bachelors,Technology,High,Rejected,Recent graduate,Consider business accelerator,1992-11-14,31,Contract,2000,5000,3,4,0.90,false,0,false,0,Rent,1,Short-term,8.5,None,0,Required,630,50000,Friend 